trial,seed,player_names,map,skills,scores,player_states,distances_from_target,distance_source_to_target,start,target,penalties,timeout_count,error_count,winner_list,total_time_sorted,landing_history,ending_history
1,1.45425E+19,['Group 4'],maps/g1/tournament.json,[10],[10],['F'],[577.8950248764158],611.8823416,"[100.0, 240.0]","[700.0, 120.0]",[0],[1],[0],[],"[('Group 4', 600.8404462337494)]","{0: [(138.662433013869, 201.902968823768), (125.255876371417, 163.952688459784)]}","{0: [(142.528676315256, 198.093265706145), (123.528596377034, 160.538630735148)]}"
2,4.62605E+18,['Group 4'],maps/g1/tournament.json,[10],[10],['F'],[578.5974080197818],611.8823416,"[100.0, 240.0]","[700.0, 120.0]",[0],[1],[0],[],"[('Group 4', 600.4478414058685)]","{0: [(125.893784780532, 218.837633131975), (123.433455654517, 166.968470824739)]}","{0: [(128.483163258585, 216.721396445172), (122.92848489411, 161.993178262695)]}"
3,1.63941E+18,['Group 4'],maps/g1/tournament.json,[10],[10],['F'],[576.9677603185511],611.8823416,"[100.0, 240.0]","[700.0, 120.0]",[0],[1],[0],[],"[('Group 4', 600.4914155006409)]","{0: [(129.919130645312, 211.435525452091), (124.591133265153, 154.373459349519)]}","{0: [(132.911043709843, 208.5790779973), (123.759142220683, 148.952897484741)]}"
4,1.43593E+19,['Group 4'],maps/g1/tournament.json,[10],[10],['F'],[576.6151091408171],611.8823416,"[100.0, 240.0]","[700.0, 120.0]",[0],[1],[0],[],"[('Group 4', 600.9790108203888)]","{0: [(132.076601472982, 204.992418574125), (125.425508908364, 159.099622100316)]}","{0: [(135.28426162028, 201.491660431538), (124.439633637172, 154.860418267194)]}"
5,1.17444E+19,['Group 4'],maps/g1/tournament.json,[10],[10],['F'],[570.6514403449935],611.8823416,"[100.0, 240.0]","[700.0, 120.0]",[0],[1],[0],[],"[('Group 4', 600.749519109726)]","{0: [(124.845279324429, 215.461676712613), (129.925060836415, 156.526310069051)]}","{0: [(127.329807256872, 213.007844383874), (130.18458619437, 150.878156637569)]}"
1,1.80675E+19,['Group 4'],maps/g1/tournament.json,[25],[10],['F'],[523.4953183482717],611.8823416,"[100.0, 240.0]","[700.0, 120.0]",[1],[1],[0],[],"[('Group 4', 600.9040372371674)]","{0: [(100.0, 240.0), (178.661754867853, 223.590817810231)]}","{0: [(100.0, 240.0), (186.527930354638, 221.949899591254)]}"
2,1.81981E+19,['Group 4'],maps/g1/tournament.json,[25],[10],['F'],[521.6794857521579],611.8823416,"[100.0, 240.0]","[700.0, 120.0]",[0],[1],[0],[],"[('Group 4', 600.5116837024689)]","{0: [(180.262508926444, 223.176634548308)]}","{0: [(188.288759819089, 221.494298003139)]}"
3,1.64407E+19,['Group 4'],maps/g1/tournament.json,[25],[10],['F'],[525.3925856358356],611.8823416,"[100.0, 240.0]","[700.0, 120.0]",[0],[1],[0],[],"[('Group 4', 600.0744116306305)]","{0: [(177.057288004596, 224.365317411844)]}","{0: [(184.763016805056, 222.801849153028)]}"
4,1.64768E+18,['Group 4'],maps/g1/tournament.json,[25],[10],['F'],[523.1505215897794],611.8823416,"[100.0, 240.0]","[700.0, 120.0]",[0],[1],[0],[],"[('Group 4', 600.4152083396912)]","{0: [(178.535619898497, 221.31860806306)]}","{0: [(186.389181888347, 219.450468869366)]}"
5,9.72478E+18,['Group 4'],maps/g1/tournament.json,[25],[10],['F'],[522.5236950477328],611.8823416,"[100.0, 240.0]","[700.0, 120.0]",[0],[1],[0],[],"[('Group 4', 600.601865530014)]","{0: [(178.999226227052, 220.713876601445)]}","{0: [(186.899148849757, 218.78526426159)]}"
1,8.5385E+17,['Group 4'],maps/g1/tournament.json,[50],[6],['S'],[0.0],611.8823416,"[100.0, 240.0]","[700.0, 120.0]",[0],[0],[0],['Group 4'],"[('Group 4', 468.5554633140564)]","{0: [(188.223818197542, 245.594746393192), (428.24067904144, 245.68941637962), (457.215616260227, 134.853278260411), (688.111537177509, 119.562593123806), (711.129073106432, 119.141448330295), (700.234284337189, 119.976298786366)]}","{0: [(197.046200017296, 246.154221032511), (450.009999979791, 245.645650275407), (457.936177888271, 123.774041058911), (711.129073106432, 119.141448330295), (700.234284337189, 119.976298786366), (699.9998954479067, 119.99891652060474)]}"
2,8.8892E+18,['Group 4'],maps/g1/tournament.json,[50],[5],['S'],[0.0],611.8823416,"[100.0, 240.0]","[700.0, 120.0]",[0],[0],[0],['Group 4'],"[('Group 4', 523.5518729686737)]","{0: [(186.600324684569, 245.857416686124), (416.103235477806, 246.246912094274), (663.46720328008, 141.299969495308), (685.99517127706, 130.807237698016), (700.043708463226, 119.885473418763)]}","{0: [(195.260357153026, 246.443158354737), (438.187523310284, 246.227287468228), (685.99517127706, 130.807237698016), (700.043708463226, 119.885473418763), (699.9998946131506, 119.99995966848742)]}"
3,2.66093E+18,['Group 4'],maps/g1/tournament.json,[50],[5],['S'],[0.0],611.8823416,"[100.0, 240.0]","[700.0, 120.0]",[0],[0],[0],['Group 4'],"[('Group 4', 531.1636567115784)]","{0: [(187.270723278253, 245.646446383309), (419.971648274803, 244.417564648826), (665.674184327349, 133.852862557347), (688.004699405916, 122.814327611928), (700.129799355205, 119.846191280874)]}","{0: [(195.997795606078, 246.21109102164), (442.369033541675, 244.238212011545), (688.004699405916, 122.814327611928), (700.129799355205, 119.846191280874), (699.9989396913388, 119.99909254093164)]}"
4,1.4619E+19,['Group 4'],maps/g1/tournament.json,[50],[5],['S'],[0.0],611.8823416,"[100.0, 240.0]","[700.0, 120.0]",[0],[0],[0],['Group 4'],"[('Group 4', 534.5468926429749)]","{0: [(185.682495451819, 247.004261246114), (425.601673242054, 248.302845571174), (664.863781555779, 141.640686093924), (686.476483104701, 130.968488564195), (700.295869371703, 119.5466162198)]}","{0: [(194.250744997001, 247.704687370725), (448.736766066559, 248.362661391219), (686.476483104701, 130.968488564195), (700.295869371703, 119.5466162198), (699.9953495235612, 119.9968962414364)]}"
5,3.95926E+18,['Group 4'],maps/g1/tournament.json,[50],[7],['S'],[0.0],611.8823416,"[100.0, 240.0]","[700.0, 120.0]",[1],[0],[0],['Group 4'],"[('Group 4', 472.546537399292)]","{0: [(188.611607741371, 243.828257570169), (197.472768515508, 244.211083327186), (427.278970762298, 244.903047428043), (458.851857072413, 126.017516156479), (692.208985184099, 122.230724258706), (715.45627942409, 123.041584830368), (699.771052783791, 120.142670447958)]}","{0: [(197.472768515508, 244.211083327186), (197.472768515508, 244.211083327186), (450.009999954667, 244.971492300387), (459.736042784187, 114.122118542088), (715.45627942409, 123.041584830368), (699.771052783791, 120.142670447958), (700.0015575227999, 120.0025624256236)]}"
1,6.18114E+18,['Group 4'],maps/g1/tournament.json,[100],[4],['S'],[0.0],611.8823416,"[100.0, 240.0]","[700.0, 120.0]",[0],[0],[0],['Group 4'],"[('Group 4', 398.9492380619049)]","{0: [(381.275107813651, 168.271512558419), (689.112715888132, 122.718173909127), (717.083725617443, 118.880124918614), (700.347360372475, 120.053671373233)]}","{0: [(409.402618595016, 161.098663814261), (717.083725617443, 118.880124918614), (700.347360372475, 120.053671373233), (699.9997807955515, 120.00145925883983)]}"
2,7.95562E+18,['Group 4'],maps/g1/tournament.json,[100],[4],['S'],[0.0],611.8823416,"[100.0, 240.0]","[700.0, 120.0]",[0],[0],[0],['Group 4'],"[('Group 4', 401.41699385643005)]","{0: [(389.832031169857, 166.350399619243), (683.914494101302, 121.532149490131), (710.424420082748, 117.786820481027), (700.112748401211, 120.000445202087)]}","{0: [(418.815234286842, 158.985439581168), (710.424420082748, 117.786820481027), (700.112748401211, 120.000445202087), (700.0000009727311, 120.0006216300549)]}"
3,8.05024E+18,['Group 4'],maps/g1/tournament.json,[100],[3],['S'],[0.0],611.8823416,"[100.0, 240.0]","[700.0, 120.0]",[0],[0],[0],['Group 4'],"[('Group 4', 399.06021881103516)]","{0: [(383.810117965367, 168.093495597002), (680.750431181809, 124.438145861334), (707.606361323799, 120.791675931797)]}","{0: [(412.191129761904, 160.902845156702), (707.606361323799, 120.791675931797), (699.9986623081862, 120.01307049268321)]}"
4,1.34575E+19,['Group 4'],maps/g1/tournament.json,[100],[3],['S'],[0.0],611.8823416,"[100.0, 240.0]","[700.0, 120.0]",[0],[0],[0],['Group 4'],"[('Group 4', 399.5629394054413)]","{0: [(382.890336907338, 167.741693047958), (685.826297484526, 123.571230639531), (713.290990173171, 119.876767468209)]}","{0: [(411.179370598072, 160.515862352753), (713.290990173171, 119.876767468209), (699.9998277085497, 119.97719881577977)]}"
5,6.73118E+18,['Group 4'],maps/g1/tournament.json,[100],[4],['S'],[0.0],611.8823416,"[100.0, 240.0]","[700.0, 120.0]",[0],[0],[0],['Group 4'],"[('Group 4', 401.20428681373596)]","{0: [(386.77658626809, 166.726838952279), (686.711712036282, 120.058323064976), (713.83745875042, 116.124203086723), (700.253121254877, 120.017593691642)]}","{0: [(415.4542448949, 159.399522847507), (713.83745875042, 116.124203086723), (700.253121254877, 120.017593691642), (699.9999675563898, 120.00047991871416)]}"
1,1.60904E+19,['Group 4'],maps/g3/g3_tournament.json,[10],[9],['S'],[0.0],490.5937737,"[195.30859375, 471.9375]","[685.90234375, 472.08984375]",[2],[0],[0],['Group 4'],"[('Group 4', 469.47262239456177)]","{0: [(255.950225169455, 471.073897775714), (262.0143883114, 470.987537553286), (454.889527893953, 472.861367960266), (454.889527893953, 472.861367960266), (478.777288967961, 473.549402869628), (677.99847641062, 485.23600264316), (697.681717544145, 486.39778227142), (686.888656987817, 472.259858737317), (685.86398427802, 472.15901728414)]}","{0: [(262.0143883114, 470.987537553286), (262.0143883114, 470.987537553286), (454.889527893953, 472.861367960266), (454.889527893953, 472.861367960266), (481.166065075362, 473.618206360564), (697.681717544145, 486.39778227142), (686.888656987817, 472.259858737317), (685.86398427802, 472.15901728414), (685.9043537781886, 472.09103739467844)]}"
2,1.32838E+19,['Group 4'],maps/g3/g3_tournament.json,[10],[10],['F'],[3.3036196481274773],490.5937737,"[195.30859375, 471.9375]","[685.90234375, 472.08984375]",[4],[0],[0],[],"[('Group 4', 482.47149991989136)]","{0: [(195.30859375, 471.9375), (251.569486430252, 472.483403118651), (257.195575698277, 472.537993430516), (257.195575698277, 472.537993430516), (429.963749534092, 470.887716411959), (430.206741928571, 470.885395355046), (464.09950652373, 466.743887901149), (482.133133862275, 483.533175139451), (690.790842366053, 472.403473679759), (685.231510173266, 472.214790478061)]}","{0: [(195.30859375, 471.9375), (257.195575698277, 472.537993430516), (257.195575698277, 472.537993430516), (257.195575698277, 472.537993430516), (430.206741928571, 470.885395355046), (430.206741928571, 470.885395355046), (464.09950652373, 466.743887901149), (483.93649659613, 485.212103863281), (711.476276943046, 471.122610661407), (682.607033496289, 472.324008459726)]}"
3,4.63556E+18,['Group 4'],maps/g3/g3_tournament.json,[10],[6],['S'],[0.0],490.5937737,"[195.30859375, 471.9375]","[685.90234375, 472.08984375]",[0],[0],[0],['Group 4'],"[('Group 4', 471.26215291023254)]","{0: [(261.950062182059, 477.939614077231), (453.454777313822, 480.571833026395), (481.996996815405, 471.593762560636), (665.041957707815, 477.536892630021), (683.06103160204, 478.220986341617), (685.789865353385, 472.443895241491)]}","{0: [(268.614209025265, 478.539825484954), (453.454777313822, 480.571833026395), (484.851218765563, 470.69595551406), (683.06103160204, 478.220986341617), (685.789865353385, 472.443895241491), (685.9149038502184, 472.094336546413)]}"
4,1.44115E+19,['Group 4'],maps/g3/g3_tournament.json,[10],[8],['S'],[0.0],490.5937737,"[195.30859375, 471.9375]","[685.90234375, 472.08984375]",[2],[0],[0],['Group 4'],"[('Group 4', 464.96021699905396)]","{0: [(244.8085952812, 470.439588949496), (249.75859543432, 470.289797844445), (249.75859543432, 470.289797844445), (458.233015053896, 482.375043623497), (479.408664812071, 470.405431515482), (674.87266648293, 460.060255922872), (694.207310152434, 459.145434484691), (685.685643029625, 471.700840552598)]}","{0: [(249.75859543432, 470.289797844445), (249.75859543432, 470.289797844445), (249.75859543432, 470.289797844445), (458.233015053896, 482.375043623497), (481.526229787889, 469.20847030468), (694.207310152434, 459.145434484691), (685.685643029625, 471.700840552598), (685.9311226627128, 472.0707452155933)]}"
5,1.96467E+18,['Group 4'],maps/g3/g3_tournament.json,[10],[7],['S'],[0.0],490.5937737,"[195.30859375, 471.9375]","[685.90234375, 472.08984375]",[0],[0],[0],['Group 4'],"[('Group 4', 468.87869358062744)]","{0: [(255.521240521375, 474.446263150769), (464.171170387907, 477.878259243952), (480.037960047814, 456.80533522444), (686.118440795106, 467.824135999415), (686.884491057757, 471.781297168367), (684.916158066209, 472.045752353493), (685.883120613909, 472.154339987953)]}","{0: [(261.542505198512, 474.697139465846), (464.171170387907, 477.878259243952), (481.624639013805, 454.698042822489), (706.567820973236, 469.136745317108), (684.916158066209, 472.045752353493), (685.883120613909, 472.154339987953), (685.8974149001291, 472.0887692705137)]}"
1,3.16629E+18,['Group 4'],maps/g3/g3_tournament.json,[25],[7],['S'],[0.0],490.5937737,"[195.30859375, 471.9375]","[685.90234375, 472.08984375]",[0],[0],[0],['Group 4'],"[('Group 4', 333.2440273761749)]","{0: [(257.376208278774, 470.918000345205), (466.545725277177, 473.890589649669), (481.463370889215, 459.05992730406), (689.935002272575, 468.967346650523), (686.251121054019, 471.778179496667), (683.812934263942, 471.945357925471), (685.822013873912, 472.018105734872)]}","{0: [(263.582969731651, 470.816050379725), (466.545725277177, 473.890589649669), (482.955135450419, 457.576861069499), (710.632988954791, 470.106395208625), (683.812934263942, 471.945357925471), (685.822013873912, 472.018105734872), (685.9034289961886, 472.0885902050572)]}"
2,7.68177E+18,['Group 4'],maps/g3/g3_tournament.json,[25],[9],['S'],[0.0],490.5937737,"[195.30859375, 471.9375]","[685.90234375, 472.08984375]",[3],[0],[0],['Group 4'],"[('Group 4', 332.68237590789795)]","{0: [(195.30859375, 471.9375), (261.699342881528, 470.709677559264), (268.338417794681, 470.58689531519), (460.072173357784, 467.106290928314), (460.072173357784, 467.106290928314), (480.947024694751, 470.043314886436), (677.065141157025, 470.137077136544), (696.468204289883, 470.117083121973), (685.500849605177, 472.504278069544)]}","{0: [(195.30859375, 471.9375), (268.338417794681, 470.58689531519), (268.338417794681, 470.58689531519), (460.072173357784, 467.106290928314), (460.072173357784, 467.106290928314), (483.034509828448, 470.337017282248), (696.468204289883, 470.117083121973), (685.500849605177, 472.504278069544), (685.9076541055507, 472.0951236057211)]}"
3,1.15324E+19,['Group 4'],maps/g3/g3_tournament.json,[25],[7],['S'],[0.0],490.5937737,"[195.30859375, 471.9375]","[685.90234375, 472.08984375]",[1],[0],[0],['Group 4'],"[('Group 4', 331.884868144989)]","{0: [(256.394174853818, 470.65476258086), (262.5027329642, 470.526488838946), (458.595231169082, 468.982308008659), (481.07261930931, 479.159665744951), (684.512290298598, 474.015786338902), (704.631483516125, 473.399624820934), (685.84067359791, 471.610534409125)]}","{0: [(262.5027329642, 470.526488838946), (262.5027329642, 470.526488838946), (458.595231169082, 468.982308008659), (483.320358123333, 480.177401518581), (704.631483516125, 473.399624820934), (685.84067359791, 471.610534409125), (685.8939841426067, 472.0907717395488)]}"
4,1.53209E+19,['Group 4'],maps/g3/g3_tournament.json,[25],[6],['S'],[0.0],490.5937737,"[195.30859375, 471.9375]","[685.90234375, 472.08984375]",[0],[0],[0],['Group 4'],"[('Group 4', 331.88394021987915)]","{0: [(260.480921859052, 471.054973819864), (456.80043769744, 468.444369690764), (479.215211381269, 470.029490399955), (685.003359098706, 472.217545550756), (705.358026133612, 472.420499858744), (686.204716591732, 472.101064801656)]}","{0: [(266.998154669957, 470.96672120185), (456.80043769744, 468.444369690764), (481.456688749652, 470.188002470875), (705.358026133612, 472.420499858744), (686.204716591732, 472.101064801656), (685.9023965942613, 472.08856559837795)]}"
5,5.18436E+18,['Group 4'],maps/g3/g3_tournament.json,[25],[7],['S'],[0.0],490.5937737,"[195.30859375, 471.9375]","[685.90234375, 472.08984375]",[1],[0],[0],['Group 4'],"[('Group 4', 332.54270362854004)]","{0: [(254.875082675302, 470.639306929503), (460.378084859787, 471.62579753836), (460.378084859787, 471.62579753836), (481.647326038939, 471.011290283043), (684.297425484878, 468.957456674281), (704.34974301768, 468.758218385958), (685.959950200749, 471.887727138642)]}","{0: [(260.831731567832, 470.509487622453), (460.378084859787, 471.62579753836), (460.378084859787, 471.62579753836), (483.774250156854, 470.949839557512), (704.34974301768, 468.758218385958), (685.959950200749, 471.887727138642), (685.902541498098, 472.0898999022806)]}"
1,8.95649E+18,['Group 4'],maps/g3/g3_tournament.json,[50],[3],['S'],[0.0],490.5937737,"[195.30859375, 471.9375]","[685.90234375, 472.08984375]",[0],[0],[0],['Group 4'],"[('Group 4', 196.1886293888092)]","{0: [(436.653896060689, 489.855923593594), (674.122072061617, 470.82138442278), (695.455436638602, 468.738746269763)]}","{0: [(460.788426291758, 491.647765952953), (695.455436638602, 468.738746269763), (685.8976782022032, 472.07648374817126)]}"
2,1.11294E+19,['Group 4'],maps/g3/g3_tournament.json,[50],[4],['S'],[0.0],490.5937737,"[195.30859375, 471.9375]","[685.90234375, 472.08984375]",[0],[0],[0],['Group 4'],"[('Group 4', 196.7202022075653)]","{0: [(443.548346191192, 490.150425845565), (684.026753389218, 477.930536285921), (705.592196584609, 476.526418071501), (686.760828170666, 472.232416271966)]}","{0: [(468.372321435312, 491.971718430121), (705.592196584609, 476.526418071501), (686.760828170666, 472.232416271966), (685.9026738191797, 472.0878839782727)]}"
3,1.60353E+19,['Group 4'],maps/g3/g3_tournament.json,[50],[4],['S'],[0.0],490.5937737,"[195.30859375, 471.9375]","[685.90234375, 472.08984375]",[0],[0],[0],['Group 4'],"[('Group 4', 206.86457061767578)]","{0: [(439.36007347919, 489.030232342418), (478.209984478061, 472.256805090398), (669.63339631032, 470.557748507668), (688.387238383557, 470.555577121915)]}","{0: [(439.36007347919, 489.030232342418), (482.094975577949, 470.579462365195), (688.387238383557, 470.555577121915), (685.902626004328, 472.0903007004289)]}"
4,6.7613E+18,['Group 4'],maps/g3/g3_tournament.json,[50],[3],['S'],[0.0],490.5937737,"[195.30859375, 471.9375]","[685.90234375, 472.08984375]",[0],[0],[0],['Group 4'],"[('Group 4', 195.4400794506073)]","{0: [(437.569379438542, 489.954439716182), (674.834773022543, 471.614068995519), (696.138704524057, 469.599862526291)]}","{0: [(461.795458007396, 491.756133687801), (696.138704524057, 469.599862526291), (685.8976891616285, 472.07055045501755)]}"
5,1.19468E+19,['Group 4'],maps/g3/g3_tournament.json,[50],[4],['S'],[0.0],490.5937737,"[195.30859375, 471.9375]","[685.90234375, 472.08984375]",[0],[0],[0],['Group 4'],"[('Group 4', 196.67674469947815)]","{0: [(437.079079779447, 492.016468988793), (679.398098899099, 472.985096452606), (701.21229595077, 470.881169509099), (685.605123995699, 471.95123555829)]}","{0: [(461.256128382391, 494.024365887672), (701.21229595077, 470.881169509099), (685.605123995699, 471.95123555829), (685.9027823753083, 472.0888953210917)]}"
1,3.20048E+18,['Group 4'],maps/g3/g3_tournament.json,[100],[4],['S'],[0.0],490.5937737,"[195.30859375, 471.9375]","[685.90234375, 472.08984375]",[0],[0],[0],['Group 4'],"[('Group 4', 341.86137771606445)]","{0: [(464.385542333939, 470.239192145795), (482.204286502121, 480.651545182956), (675.483591979454, 471.854550489701), (694.633335085505, 470.870727490004)]}","{0: [(464.385542333939, 470.239192145795), (483.986160918939, 481.692780486672), (694.633335085505, 470.870727490004), (685.9000327406193, 472.07305738906916)]}"
2,1.64779E+19,['Group 4'],maps/g3/g3_tournament.json,[100],[8],['S'],[0.0],490.5937737,"[195.30859375, 471.9375]","[685.90234375, 472.08984375]",[4],[0],[0],['Group 4'],"[('Group 4', 343.31837701797485)]","{0: [(195.30859375, 471.9375), (195.30859375, 471.9375), (195.30859375, 471.9375), (460.123368060165, 466.476614220758), (460.123368060165, 466.476614220758), (481.640142601389, 471.069443856693), (677.914729919165, 473.021418415123), (697.32702090553, 473.170687574607)]}","{0: [(195.30859375, 471.9375), (195.30859375, 471.9375), (195.30859375, 471.9375), (460.123368060165, 466.476614220758), (460.123368060165, 466.476614220758), (483.791820055511, 471.528726820286), (697.32702090553, 473.170687574607), (685.9029635357654, 472.08333210926634)]}"
3,9.24554E+18,['Group 4'],maps/g3/g3_tournament.json,[100],[5],['S'],[0.0],490.5937737,"[195.30859375, 471.9375]","[685.90234375, 472.08984375]",[1],[0],[0],['Group 4'],"[('Group 4', 343.1334934234619)]","{0: [(195.30859375, 471.9375), (464.250776446938, 468.485530979465), (482.424996039637, 480.091404093417), (675.574963859595, 472.22640508522), (694.708218445664, 471.32384645326)]}","{0: [(195.30859375, 471.9375), (464.250776446938, 468.485530979465), (484.242417998907, 481.251991404812), (694.708218445664, 471.32384645326), (685.8988482017895, 472.0472777473354)]}"
4,1.39597E+18,['Group 4'],maps/g3/g3_tournament.json,[100],[5],['S'],[0.0],490.5937737,"[195.30859375, 471.9375]","[685.90234375, 472.08984375]",[1],[0],[0],['Group 4'],"[('Group 4', 342.7506835460663)]","{0: [(195.30859375, 471.9375), (465.6805723146, 467.451401153755), (481.907557020231, 480.239513059512), (675.417719848254, 473.30815692831), (694.606466284, 472.487140196133)]}","{0: [(195.30859375, 471.9375), (465.6805723146, 467.451401153755), (483.530255490795, 481.518324250087), (694.606466284, 472.487140196133), (685.9012796254149, 472.1147170802128)]}"
5,5.14621E+18,['Group 4'],maps/g3/g3_tournament.json,[100],[5],['S'],[0.0],490.5937737,"[195.30859375, 471.9375]","[685.90234375, 472.08984375]",[0],[0],[0],['Group 4'],"[('Group 4', 340.7784481048584)]","{0: [(465.265219496358, 468.194654448262), (482.388774651563, 480.777030046998), (676.188132005409, 473.877513670438), (695.396832189242, 473.061738276795), (684.94386378769, 472.073719056118)]}","{0: [(465.265219496358, 468.194654448262), (484.101130167084, 482.035267606872), (695.396832189242, 473.061738276795), (684.94386378769, 472.073719056118), (685.9022721572064, 472.0933406664782)]}"
1,8.86671E+18,['Group 4'],maps/g5/tourney.json,[10],[10],['F'],[1228.3260967674667],1228.326097,"[416.0, 980.0]","[1167.0, 8.0]",[0],[1],[0],[],"[('Group 4', 600.4130620956421)]",{0: []},{0: []}
2,1.47385E+19,['Group 4'],maps/g5/tourney.json,[10],[10],['F'],[1228.3260967674667],1228.326097,"[416.0, 980.0]","[1167.0, 8.0]",[0],[1],[0],[],"[('Group 4', 600.2702524662018)]",{0: []},{0: []}
3,3.74326E+17,['Group 4'],maps/g5/tourney.json,[10],[10],['F'],[1228.3260967674667],1228.326097,"[416.0, 980.0]","[1167.0, 8.0]",[0],[1],[0],[],"[('Group 4', 600.3319957256317)]",{0: []},{0: []}
4,4.38741E+18,['Group 4'],maps/g5/tourney.json,[10],[10],['F'],[1228.3260967674667],1228.326097,"[416.0, 980.0]","[1167.0, 8.0]",[0],[1],[0],[],"[('Group 4', 600.3052279949188)]",{0: []},{0: []}
5,1.03936E+19,['Group 4'],maps/g5/tourney.json,[10],[10],['F'],[1228.3260967674667],1228.326097,"[416.0, 980.0]","[1167.0, 8.0]",[0],[1],[0],[],"[('Group 4', 600.285558462143)]",{0: []},{0: []}
1,5.26966E+17,['Group 4'],maps/g5/tourney.json,[25],[10],['F'],[1038.9818130033332],1228.326097,"[416.0, 980.0]","[1167.0, 8.0]",[1],[1],[0],[],"[('Group 4', 600.8981487751007)]","{0: [(416.0, 980.0), (557.181491369473, 849.192364613073)]}","{0: [(416.0, 980.0), (557.181491369473, 849.192364613073)]}"
2,1.45353E+18,['Group 4'],maps/g5/tourney.json,[25],[10],['F'],[1053.689044424099],1228.326097,"[416.0, 980.0]","[1167.0, 8.0]",[2],[1],[0],[],"[('Group 4', 600.3067517280579)]","{0: [(416.0, 980.0), (416.0, 980.0), (542.651362615296, 856.792896609788)]}","{0: [(416.0, 980.0), (416.0, 980.0), (542.651362615296, 856.792896609788)]}"
3,1.68034E+19,['Group 4'],maps/g5/tourney.json,[25],[10],['F'],[1041.1188594074852],1228.326097,"[416.0, 980.0]","[1167.0, 8.0]",[1],[1],[0],[],"[('Group 4', 600.463686466217)]","{0: [(416.0, 980.0), (557.192292482814, 851.838277910274)]}","{0: [(416.0, 980.0), (557.192292482814, 851.838277910274)]}"
4,7.34213E+18,['Group 4'],maps/g5/tourney.json,[25],[10],['F'],[1040.947451301946],1228.326097,"[416.0, 980.0]","[1167.0, 8.0]",[0],[1],[0],[],"[('Group 4', 600.6761281490326)]","{0: [(551.833966060366, 847.727543349031)]}","{0: [(551.833966060366, 847.727543349031)]}"
5,7.85736E+18,['Group 4'],maps/g5/tourney.json,[25],[10],['F'],[1039.8432846733488],1228.326097,"[416.0, 980.0]","[1167.0, 8.0]",[0],[1],[0],[],"[('Group 4', 600.8687789440155)]","{0: [(551.169216689331, 845.87021847493)]}","{0: [(551.169216689331, 845.87021847493)]}"
1,1.11627E+19,['Group 4'],maps/g5/tourney.json,[50],[10],['F'],[1080.944967373827],1228.326097,"[416.0, 980.0]","[1167.0, 8.0]",[0],[1],[0],[],"[('Group 4', 600.958771944046)]","{0: [(569.327409213149, 924.246688825282)]}","{0: [(584.660150134463, 918.671357707811)]}"
2,2.57633E+18,['Group 4'],maps/g5/tourney.json,[50],[10],['F'],[1079.7615217594143],1228.326097,"[416.0, 980.0]","[1167.0, 8.0]",[0],[1],[0],[],"[('Group 4', 600.5936121940613)]","{0: [(570.796517332589, 923.908434810126)]}","{0: [(586.276169065848, 918.299278291139)]}"
3,4.10192E+18,['Group 4'],maps/g5/tourney.json,[50],[10],['F'],[1080.3003090804432],1228.326097,"[416.0, 980.0]","[1167.0, 8.0]",[0],[1],[0],[],"[('Group 4', 600.5554292201996)]","{0: [(570.250567160398, 924.141068583457)]}","{0: [(585.675623876438, 918.555175441803)]}"
4,1.89616E+18,['Group 4'],maps/g5/tourney.json,[50],[10],['F'],[1076.868526599497],1228.326097,"[416.0, 980.0]","[1167.0, 8.0]",[0],[1],[0],[],"[('Group 4', 600.4208149909973)]","{0: [(572.239881362377, 921.709627387733)]}","{0: [(587.863869498615, 915.880590126507)]}"
5,9.61612E+18,['Group 4'],maps/g5/tourney.json,[50],[10],['F'],[1080.2534252760627],1228.326097,"[416.0, 980.0]","[1167.0, 8.0]",[0],[1],[0],[],"[('Group 4', 600.9640095233917)]","{0: [(568.571532710814, 923.016091805753)]}","{0: [(583.828685981895, 917.317700986329)]}"
1,1.70884E+19,['Group 4'],maps/g5/tourney.json,[100],[10],['F'],[701.9312806134571],1228.326097,"[416.0, 980.0]","[1167.0, 8.0]",[1],[1],[0],[],"[('Group 4', 818.3214972019196)]","{0: [(416.0, 980.0), (578.400712663544, 847.448030166347), (769.142332950245, 619.39321586747)]}","{0: [(416.0, 980.0), (594.640783929898, 834.192833182981), (786.592487852279, 597.913254135919)]}"
2,1.13436E+19,['Group 4'],maps/g5/tourney.json,[100],[10],['F'],[1003.2417570124074],1228.326097,"[416.0, 980.0]","[1167.0, 8.0]",[0],[1],[0],[],"[('Group 4', 600.309868812561)]","{0: [(581.374293017468, 847.468912969502)]}","{0: [(597.911722319215, 834.215804266452)]}"
3,9.25954E+17,['Group 4'],maps/g5/tourney.json,[100],[10],['F'],[1002.7980759980928],1228.326097,"[416.0, 980.0]","[1167.0, 8.0]",[1],[1],[0],[],"[('Group 4', 600.7630741596222)]","{0: [(416.0, 980.0), (581.528117181376, 847.085091989416)]}","{0: [(416.0, 980.0), (598.080928899514, 833.793601188358)]}"
4,3.05523E+18,['Group 4'],maps/g5/tourney.json,[100],[10],['F'],[1004.1577375536542],1228.326097,"[416.0, 980.0]","[1167.0, 8.0]",[0],[1],[0],[],"[('Group 4', 601.0007774829865)]","{0: [(580.251588771617, 847.706318641103)]}","{0: [(596.676747648778, 834.476950505214)]}"
5,1.32083E+19,['Group 4'],maps/g5/tourney.json,[100],[10],['F'],[1002.7305799049773],1228.326097,"[416.0, 980.0]","[1167.0, 8.0]",[0],[1],[0],[],"[('Group 4', 600.9472563266754)]","{0: [(580.766875534312, 846.485509918068)]}","{0: [(597.243563087743, 833.134060909875)]}"
1,9.70909E+18,['Group 4'],maps/g7/g7_final.json,[10],[10],['F'],[369.8101957289336],738.241153,"[675.0, 775.0]","[325.0, 125.0]",[0],[1],[0],[],"[('Group 4', 600.7492551803589)]","{0: [(672.303837529431, 577.796257679828), (476.138615377733, 462.515480840174)]}","{0: [(672.034221282375, 558.075883447811), (476.138615377733, 462.515480840174)]}"
2,8.31672E+16,['Group 4'],maps/g7/g7_final.json,[10],[10],['F'],[402.6957196058154],738.241153,"[675.0, 775.0]","[325.0, 125.0]",[1],[1],[0],[],"[('Group 4', 687.4611279964447)]","{0: [(667.76221348551, 568.676065356368), (529.347966406613, 471.995318721056), (529.347966406613, 471.995318721056)]}","{0: [(667.03843483406, 548.043671892005), (529.347966406613, 471.995318721056), (529.347966406613, 471.995318721056)]}"
3,9.03664E+18,['Group 4'],maps/g7/g7_final.json,[10],[10],['F'],[396.57643751560505],738.241153,"[675.0, 775.0]","[325.0, 125.0]",[0],[1],[0],[],"[('Group 4', 600.7778203487396)]","{0: [(664.921775211752, 592.237781470289), (487.725274284661, 486.653640796758)]}","{0: [(663.913952732928, 573.961559617318), (487.725274284661, 486.653640796758)]}"
4,1.26193E+19,['Group 4'],maps/g7/g7_final.json,[10],[10],['F'],[395.13490248650504],738.241153,"[675.0, 775.0]","[325.0, 125.0]",[0],[1],[0],[],"[('Group 4', 600.9291985034943)]","{0: [(653.454285664019, 599.070610561414), (486.660469692495, 485.55163805178)]}","{0: [(651.299714230421, 581.477671617555), (486.660469692495, 485.55163805178)]}"
5,1.72064E+19,['Group 4'],maps/g7/g7_final.json,[10],[10],['F'],[382.57917474725593],738.241153,"[675.0, 775.0]","[325.0, 125.0]",[0],[1],[0],[],"[('Group 4', 600.1869068145752)]","{0: [(672.508510523402, 588.39147124359), (491.15338553019, 469.615550181862)]}","{0: [(672.259361575742, 569.730618367949), (491.15338553019, 469.615550181862)]}"
1,1.15481E+19,['Group 4'],maps/g7/g7_final.json,[25],[10],['F'],[378.9229041213619],738.241153,"[675.0, 775.0]","[325.0, 125.0]",[0],[1],[0],[],"[('Group 4', 600.8970382213593)]","{0: [(660.52233402597, 559.866046035916), (448.826617263311, 483.119443935808)]}","{0: [(659.074567428567, 538.352650639507), (448.826617263311, 483.119443935808)]}"
2,1.35956E+19,['Group 4'],maps/g7/g7_final.json,[25],[10],['F'],[329.92830080671064],738.241153,"[675.0, 775.0]","[325.0, 125.0]",[0],[1],[0],[],"[('Group 4', 600.1760928630829)]","{0: [(656.799920042267, 549.145992707589), (450.307174539971, 472.808661901988), (356.677613497944, 453.404038459149)]}","{0: [(654.979912046494, 526.560591978348), (450.307174539971, 472.808661901988), (356.677613497944, 453.404038459149)]}"
3,1.14285E+19,['Group 4'],maps/g7/g7_final.json,[25],[10],['F'],[329.13714289974274],738.241153,"[675.0, 775.0]","[325.0, 125.0]",[0],[1],[0],[],"[('Group 4', 600.2742502689362)]","{0: [(657.056251365464, 548.702036640367), (433.563008116809, 474.040420741526), (340.858873498028, 453.754855428143)]}","{0: [(655.26187650201, 526.072240304404), (433.563008116809, 474.040420741526), (340.858873498028, 453.754855428143)]}"
4,1.61328E+19,['Group 4'],maps/g7/g7_final.json,[25],[10],['F'],[327.2952835918284],738.241153,"[675.0, 775.0]","[325.0, 125.0]",[1],[1],[0],[],"[('Group 4', 600.4780225753784)]","{0: [(658.678638506207, 554.606009426617), (440.917445145043, 471.584729913673), (440.917445145043, 471.584729913673), (336.956233979923, 452.076827565746)]}","{0: [(657.046502356828, 532.566610369279), (440.917445145043, 471.584729913673), (440.917445145043, 471.584729913673), (336.956233979923, 452.076827565746)]}"
5,1.05547E+19,['Group 4'],maps/g7/g7_final.json,[25],[10],['F'],[329.4865480929788],738.241153,"[675.0, 775.0]","[325.0, 125.0]",[2],[1],[0],[],"[('Group 4', 600.1486558914185)]","{0: [(652.429530502934, 542.715389585635), (440.217832744048, 457.160550952703), (440.217832744048, 457.160550952703), (440.217832744048, 457.160550952703), (358.570126739547, 452.771920647449)]}","{0: [(650.172483553227, 519.486928544199), (440.217832744048, 457.160550952703), (440.217832744048, 457.160550952703), (440.217832744048, 457.160550952703), (358.570126739547, 452.771920647449)]}"
1,7.41244E+18,['Group 4'],maps/g7/g7_final.json,[50],[10],['F'],[352.59471569836495],738.241153,"[675.0, 775.0]","[325.0, 125.0]",[0],[1],[0],[],"[('Group 4', 600.1347727775574)]","{0: [(657.065233637892, 532.625351758543), (654.227651953801, 274.848684831249)]}","{0: [(655.271757001681, 508.387886934397), (654.123241449013, 251.494764620934)]}"
2,1.19293E+19,['Group 4'],maps/g7/g7_final.json,[50],[10],['F'],[344.75665192204013],738.241153,"[675.0, 775.0]","[325.0, 125.0]",[0],[1],[0],[],"[('Group 4', 600.8485999107361)]","{0: [(655.538992918593, 524.328037749361), (652.564514604198, 257.045464724452)]}","{0: [(653.592892210453, 499.260841524297), (652.461676843572, 232.823927044468)]}"
3,1.4407E+19,['Group 4'],maps/g7/g7_final.json,[50],[10],['F'],[346.6842560287258],738.241153,"[675.0, 775.0]","[325.0, 125.0]",[0],[1],[0],[],"[('Group 4', 600.8888111114502)]","{0: [(653.921972328077, 532.940720405588), (651.588005294335, 265.687776685358)]}","{0: [(651.814169560885, 508.734792446147), (651.56538886768, 241.383075109279)]}"
4,1.77643E+19,['Group 4'],maps/g7/g7_final.json,[50],[10],['F'],[345.037763401694],738.241153,"[675.0, 775.0]","[325.0, 125.0]",[0],[1],[0],[],"[('Group 4', 600.5956950187683)]","{0: [(656.666167231044, 536.944433470425), (651.706146299904, 261.999393060262)]}","{0: [(654.832783954149, 513.138876817467), (651.39348253448, 236.885444684541)]}"
5,7.39987E+18,['Group 4'],maps/g7/g7_final.json,[50],[10],['F'],[346.82520532200334],738.241153,"[675.0, 775.0]","[325.0, 125.0]",[0],[1],[0],[],"[('Group 4', 600.5322768688202)]","{0: [(657.696947363804, 539.326813469134), (652.291632433174, 265.791196340656)]}","{0: [(655.966642100184, 515.759494816047), (651.924131466473, 240.794366493116)]}"
1,1.10588E+19,['Group 4'],maps/g7/g7_final.json,[100],[10],['F'],[330.1405773236431],738.241153,"[675.0, 775.0]","[325.0, 125.0]",[0],[1],[0],[],"[('Group 4', 600.5495193004608)]","{0: [(654.365935845779, 483.070526741585), (355.105017502077, 453.765096561037)]}","{0: [(652.302529430357, 453.877579415744), (355.105017502077, 453.765096561037)]}"
2,1.48171E+19,['Group 4'],maps/g7/g7_final.json,[100],[10],['F'],[329.84206345698874],738.241153,"[675.0, 775.0]","[325.0, 125.0]",[0],[1],[0],[],"[('Group 4', 600.7839455604553)]","{0: [(652.903556503181, 486.342122054063), (355.65589718195, 453.414376654759)]}","{0: [(650.6939121535, 457.476334259469), (355.65589718195, 453.414376654759)]}"
3,8.98209E+18,['Group 4'],maps/g7/g7_final.json,[100],[10],['F'],[329.0590156142651],738.241153,"[675.0, 775.0]","[325.0, 125.0]",[0],[1],[0],[],"[('Group 4', 600.7409725189209)]","{0: [(652.706744732584, 475.757504053843), (353.63977912364, 452.81030918624)]}","{0: [(650.477419205843, 445.833254459227), (353.63977912364, 452.81030918624)]}"
4,1.34888E+19,['Group 4'],maps/g7/g7_final.json,[100],[10],['F'],[330.8246870365369],738.241153,"[675.0, 775.0]","[325.0, 125.0]",[0],[1],[0],[],"[('Group 4', 600.2513427734375)]","{0: [(653.156460701283, 481.469618500692), (352.454580787197, 454.683514217229)]}","{0: [(650.972106771412, 452.116580350761), (352.454580787197, 454.683514217229)]}"
5,1.24434E+19,['Group 4'],maps/g7/g7_final.json,[100],[10],['F'],[328.6885600655565],738.241153,"[675.0, 775.0]","[325.0, 125.0]",[0],[1],[0],[],"[('Group 4', 600.5898997783661)]","{0: [(653.434456067674, 476.497586803456), (355.938867831862, 452.229210149784)]}","{0: [(651.277901674441, 446.647345483802), (355.938867831862, 452.229210149784)]}"
1,8.93829E+18,['Group 4'],maps/default/checkers2.json,[10],[10],['F'],[704.2783540618013],704.2783541,"[1.0, 1.0]","[499.0, 499.0]",[0],[1],[0],[],"[('Group 4', 600.4856061935425)]",{0: []},{0: []}
2,4.82687E+18,['Group 4'],maps/default/checkers2.json,[10],[10],['F'],[704.2783540618013],704.2783541,"[1.0, 1.0]","[499.0, 499.0]",[0],[1],[0],[],"[('Group 4', 600.4732182025909)]",{0: []},{0: []}
3,6.71834E+18,['Group 4'],maps/default/checkers2.json,[10],[10],['F'],[704.2783540618013],704.2783541,"[1.0, 1.0]","[499.0, 499.0]",[0],[1],[0],[],"[('Group 4', 600.4941952228546)]",{0: []},{0: []}
4,1.30476E+19,['Group 4'],maps/default/checkers2.json,[10],[10],['F'],[704.2783540618013],704.2783541,"[1.0, 1.0]","[499.0, 499.0]",[0],[1],[0],[],"[('Group 4', 600.5074429512024)]",{0: []},{0: []}
5,1.51565E+19,['Group 4'],maps/default/checkers2.json,[10],[10],['F'],[704.2783540618013],704.2783541,"[1.0, 1.0]","[499.0, 499.0]",[0],[1],[0],[],"[('Group 4', 600.4764833450317)]",{0: []},{0: []}
1,9.29018E+18,['Group 4'],maps/default/checkers2.json,[25],[10],['F'],[704.2783540618013],704.2783541,"[1.0, 1.0]","[499.0, 499.0]",[0],[1],[0],[],"[('Group 4', 600.5339031219482)]",{0: []},{0: []}
2,1.75071E+19,['Group 4'],maps/default/checkers2.json,[25],[10],['F'],[704.2783540618013],704.2783541,"[1.0, 1.0]","[499.0, 499.0]",[0],[1],[0],[],"[('Group 4', 600.5123445987701)]",{0: []},{0: []}
3,1.90676E+18,['Group 4'],maps/default/checkers2.json,[25],[10],['F'],[704.2783540618013],704.2783541,"[1.0, 1.0]","[499.0, 499.0]",[0],[1],[0],[],"[('Group 4', 600.4899382591248)]",{0: []},{0: []}
4,2.97134E+18,['Group 4'],maps/default/checkers2.json,[25],[10],['F'],[704.2783540618013],704.2783541,"[1.0, 1.0]","[499.0, 499.0]",[0],[1],[0],[],"[('Group 4', 600.4939613342285)]",{0: []},{0: []}
5,8.39695E+18,['Group 4'],maps/default/checkers2.json,[25],[10],['F'],[704.2783540618013],704.2783541,"[1.0, 1.0]","[499.0, 499.0]",[0],[1],[0],[],"[('Group 4', 600.5235311985016)]",{0: []},{0: []}
1,1.92791E+18,['Group 4'],maps/default/checkers2.json,[50],[10],['F'],[704.2783540618013],704.2783541,"[1.0, 1.0]","[499.0, 499.0]",[0],[1],[0],[],"[('Group 4', 600.5175411701202)]",{0: []},{0: []}
2,1.27123E+19,['Group 4'],maps/default/checkers2.json,[50],[10],['F'],[704.2783540618013],704.2783541,"[1.0, 1.0]","[499.0, 499.0]",[0],[1],[0],[],"[('Group 4', 600.4902486801147)]",{0: []},{0: []}
3,5.86749E+18,['Group 4'],maps/default/checkers2.json,[50],[10],['F'],[704.2783540618013],704.2783541,"[1.0, 1.0]","[499.0, 499.0]",[0],[1],[0],[],"[('Group 4', 600.4866616725922)]",{0: []},{0: []}
4,1.62857E+19,['Group 4'],maps/default/checkers2.json,[50],[10],['F'],[704.2783540618013],704.2783541,"[1.0, 1.0]","[499.0, 499.0]",[0],[1],[0],[],"[('Group 4', 600.6000640392303)]",{0: []},{0: []}
5,2.49253E+18,['Group 4'],maps/default/checkers2.json,[50],[10],['F'],[704.2783540618013],704.2783541,"[1.0, 1.0]","[499.0, 499.0]",[0],[1],[0],[],"[('Group 4', 600.5326054096222)]",{0: []},{0: []}
1,4.14592E+18,['Group 4'],maps/default/checkers2.json,[100],[10],['F'],[704.2783540618013],704.2783541,"[1.0, 1.0]","[499.0, 499.0]",[0],[1],[0],[],"[('Group 4', 600.4944088459015)]",{0: []},{0: []}
2,8.68806E+18,['Group 4'],maps/default/checkers2.json,[100],[10],['F'],[704.2783540618013],704.2783541,"[1.0, 1.0]","[499.0, 499.0]",[0],[1],[0],[],"[('Group 4', 600.5274267196655)]",{0: []},{0: []}
3,1.15734E+19,['Group 4'],maps/default/checkers2.json,[100],[10],['F'],[704.2783540618013],704.2783541,"[1.0, 1.0]","[499.0, 499.0]",[0],[1],[0],[],"[('Group 4', 600.5411591529846)]",{0: []},{0: []}
4,1.25281E+19,['Group 4'],maps/default/checkers2.json,[100],[10],['F'],[704.2783540618013],704.2783541,"[1.0, 1.0]","[499.0, 499.0]",[0],[1],[0],[],"[('Group 4', 600.4975879192352)]",{0: []},{0: []}
5,1.55362E+18,['Group 4'],maps/default/checkers2.json,[100],[10],['F'],[704.2783540618013],704.2783541,"[1.0, 1.0]","[499.0, 499.0]",[0],[1],[0],[],"[('Group 4', 600.5042788982391)]",{0: []},{0: []}
1,1.51419E+19,['Group 4'],2021_maps/g7/complex2.json,[10],[10],['F'],[649.1091817735146],680.533102,"[205.63671875, 350.66015625]","[848.578125, 127.609375]",[0],[1],[0],[],"[('Group 4', 600.0525114536285)]","{0: [(200.245215986339, 131.937923220431)]}","{0: [(199.706065709973, 110.065699917474)]}"
2,5.19126E+18,['Group 4'],2021_maps/g7/complex2.json,[10],[10],['F'],[685.6406223370539],680.533102,"[205.63671875, 350.66015625]","[848.578125, 127.609375]",[0],[1],[0],[],"[('Group 4', 600.0389246940613)]","{0: [(167.745040907043, 113.927150747831)]}","{0: [(163.955873122747, 90.2538501976143)]}"
3,1.08175E+19,['Group 4'],2021_maps/g7/complex2.json,[10],[10],['F'],[649.8180288402698],680.533102,"[205.63671875, 350.66015625]","[848.578125, 127.609375]",[0],[1],[0],[],"[('Group 4', 600.731231212616)]","{0: [(199.433293883709, 140.352237209623)]}","{0: [(198.812951397079, 119.321445305585)]}"
4,1.74534E+19,['Group 4'],2021_maps/g7/complex2.json,[10],[10],['F'],[664.7427895767651],680.533102,"[205.63671875, 350.66015625]","[848.578125, 127.609375]",[1],[1],[0],[],"[('Group 4', 600.4405610561371)]","{0: [(205.63671875, 350.66015625), (186.14739523906, 127.914819768564)]}","{0: [(205.63671875, 350.66015625), (184.198462887966, 105.64028612042)]}"
5,1.89041E+18,['Group 4'],2021_maps/g7/complex2.json,[10],[10],['F'],[656.7905041253217],680.533102,"[205.63671875, 350.66015625]","[848.578125, 127.609375]",[0],[1],[0],[],"[('Group 4', 600.5670342445374)]","{0: [(193.084747923078, 154.633413594822)]}","{0: [(191.829550840386, 135.030739329305)]}"
1,9.8959E+18,['Group 4'],2021_maps/g7/complex2.json,[25],[10],['F'],[621.1962918713994],680.533102,"[205.63671875, 350.66015625]","[848.578125, 127.609375]",[0],[1],[0],[],"[('Group 4', 600.7416574954987)]","{0: [(225.683349833327, 130.158239001842)]}","{0: [(227.68801294166, 108.108047277026)]}"
2,1.5043E+19,['Group 4'],2021_maps/g7/complex2.json,[25],[10],['F'],[621.575493754602],680.533102,"[205.63671875, 350.66015625]","[848.578125, 127.609375]",[0],[1],[0],[],"[('Group 4', 600.2895562648773)]","{0: [(225.621869786904, 122.700151516521)]}","{0: [(227.620384890595, 99.9041510431736)]}"
3,1.18654E+19,['Group 4'],2021_maps/g7/complex2.json,[25],[10],['F'],[617.3833039766404],680.533102,"[205.63671875, 350.66015625]","[848.578125, 127.609375]",[0],[1],[0],[],"[('Group 4', 600.2844634056091)]","{0: [(229.50712161777, 121.179959615466)]}","{0: [(231.894161904547, 98.2319399520127)]}"
4,3.34377E+18,['Group 4'],2021_maps/g7/complex2.json,[25],[10],['F'],[619.7039527112138],680.533102,"[205.63671875, 350.66015625]","[848.578125, 127.609375]",[0],[1],[0],[],"[('Group 4', 600.9292831420898)]","{0: [(226.817517929707, 139.954800272581)]}","{0: [(228.935597847678, 118.884264674839)]}"
5,1.82974E+19,['Group 4'],2021_maps/g7/complex2.json,[25],[10],['F'],[624.480777537176],680.533102,"[205.63671875, 350.66015625]","[848.578125, 127.609375]",[0],[1],[0],[],"[('Group 4', 600.2030069828033)]","{0: [(222.962458198212, 123.054588792378)]}","{0: [(224.695032143033, 100.294032046616)]}"
1,6.44884E+18,['Group 4'],2021_maps/g7/complex2.json,[50],[4],['S'],[0.0],680.533102,"[205.63671875, 350.66015625]","[848.578125, 127.609375]",[0],[0],[0],['Group 4'],"[('Group 4', 535.0371861457825)]","{0: [(270.955960447357, 113.69589586789), (511.718083705307, 80.841369822437), (775.783113683239, 115.447337409026), (844.68143824427, 126.880352655851)]}","{0: [(277.487884617093, 89.9994698296793), (535.141103614128, 79.9255598217128), (799.847314690151, 118.999515167758), (848.5856396605188, 127.56662405903985)]}"
2,2.16365E+18,['Group 4'],2021_maps/g7/complex2.json,[50],[5],['S'],[0.0],680.533102,"[205.63671875, 350.66015625]","[848.578125, 127.609375]",[0],[0],[0],['Group 4'],"[('Group 4', 531.8866195678711)]","{0: [(269.871980839397, 118.223053612167), (511.481344980481, 85.6166387715892), (770.421207671329, 121.346281875901), (847.636648939888, 127.219378486161), (853.003980277767, 127.440029011567)]}","{0: [(276.295507048336, 94.9793433483836), (534.999928773695, 84.6803683139098), (793.963335561093, 125.0128732321), (853.003980277767, 127.440029011567), (848.5803369486403, 127.6549110215859)]}"
3,6.86725E+18,['Group 4'],2021_maps/g7/complex2.json,[50],[6],['S'],[0.0],680.533102,"[205.63671875, 350.66015625]","[848.578125, 127.609375]",[0],[0],[0],['Group 4'],"[('Group 4', 541.6353631019592)]","{0: [(276.066566955188, 114.774790176684), (526.245938846018, 75.9818660544097), (791.389910542664, 118.411860523146), (848.315819974432, 126.564174919322), (851.600107587712, 126.939902026738), (847.693292990521, 127.917097367296)]}","{0: [(283.109551775707, 91.1862535693527), (550.559577553049, 74.4614273029154), (815.472943841626, 122.806903845169), (851.600107587712, 126.939902026738), (847.693292990521, 127.917097367296), (848.5778133186453, 127.60848169315521)]}"
4,3.14247E+18,['Group 4'],2021_maps/g7/complex2.json,[50],[5],['S'],[0.0],680.533102,"[205.63671875, 350.66015625]","[848.578125, 127.609375]",[0],[0],[0],['Group 4'],"[('Group 4', 533.2146878242493)]","{0: [(269.70103712452, 120.022883027382), (524.664448602733, 81.6545197755727), (791.583577862927, 116.70956326889), (847.833369402714, 127.796416615174), (851.037714243732, 128.53924687894)]}","{0: [(276.107468961972, 96.9591557051198), (549.520146566809, 80.124056182618), (815.789920992539, 120.368113977517), (851.037714243732, 128.53924687894), (848.5833873418941, 127.59568693768135)]}"
5,4.29336E+18,['Group 4'],2021_maps/g7/complex2.json,[50],[5],['S'],[0.0],680.533102,"[205.63671875, 350.66015625]","[848.578125, 127.609375]",[0],[0],[0],['Group 4'],"[('Group 4', 534.6658027172089)]","{0: [(270.826158024351, 112.306459372662), (525.036357792481, 77.8071744441693), (792.941095600672, 111.463515308824), (847.459918752154, 127.279667350924), (850.480444945061, 128.514055231246)]}","{0: [(277.345101951786, 88.4710896849285), (549.805483376551, 76.7407829200934), (817.254656823084, 114.935788547697), (850.480444945061, 128.514055231246), (848.5886836632759, 127.58781000848181)]}"
1,1.2182E+19,['Group 4'],2021_maps/g7/complex2.json,[100],[4],['S'],[0.0],680.533102,"[205.63671875, 350.66015625]","[848.578125, 127.609375]",[0],[0],[0],['Group 4'],"[('Group 4', 330.54375767707825)]","{0: [(484.4905645884, 238.174892007028), (790.573959471127, 137.094235288877), (846.907477867092, 127.339058503121), (849.758849603699, 127.261862127484)]}","{0: [(512.37594917224, 226.926365582731), (818.393760501016, 128.111022259492), (849.758849603699, 127.261862127484), (848.5762126882681, 127.60274046144885)]}"
2,1.14462E+19,['Group 4'],2021_maps/g7/complex2.json,[100],[3],['S'],[0.0],680.533102,"[205.63671875, 350.66015625]","[848.578125, 127.609375]",[0],[0],[0],['Group 4'],"[('Group 4', 326.61280059814453)]","{0: [(475.490380444854, 240.147495702757), (790.314391809973, 151.677317417494), (847.874992635993, 128.009138711719)]}","{0: [(502.47574661434, 229.096229648033), (819.098256329537, 143.93542619444), (848.582624370106, 127.61750477834451)]}"
3,6.89997E+18,['Group 4'],2021_maps/g7/complex2.json,[100],[4],['S'],[0.0],680.533102,"[205.63671875, 350.66015625]","[848.578125, 127.609375]",[0],[0],[0],['Group 4'],"[('Group 4', 327.8716051578522)]","{0: [(477.398425032459, 237.677827947595), (785.274235231791, 145.310973995358), (847.770565639262, 127.527592036381), (851.213202284298, 126.559940051703)]}","{0: [(504.574595660705, 226.379595117355), (813.3441991889, 137.204111883159), (851.213202284298, 126.559940051703), (848.5869868981728, 127.63110210767877)]}"
4,8.59213E+18,['Group 4'],2021_maps/g7/complex2.json,[100],[4],['S'],[0.0],680.533102,"[205.63671875, 350.66015625]","[848.578125, 127.609375]",[0],[0],[0],['Group 4'],"[('Group 4', 327.6549799442291)]","{0: [(477.677820439276, 238.628270593796), (790.494775332081, 142.0568416619), (847.061315535673, 128.18656518642), (849.861841108794, 127.653219942535)]}","{0: [(504.881930608204, 227.425082028176), (819.056059804469, 133.520017625272), (849.861841108794, 127.653219942535), (848.5783888204113, 127.60267587702313)]}"
5,2.55313E+18,['Group 4'],2021_maps/g7/complex2.json,[100],[3],['S'],[0.0],680.533102,"[205.63671875, 350.66015625]","[848.578125, 127.609375]",[0],[0],[0],['Group 4'],"[('Group 4', 329.44841146469116)]","{0: [(486.066154965394, 236.689760092964), (799.256403933242, 139.440450048893), (847.831838106603, 127.724249442963)]}","{0: [(514.109098586933, 225.29272047726), (827.771134467873, 130.855223006056), (848.5778808747376, 127.60781084609037)]}"
1,1.00002E+19,['Group 4'],2021_maps/g2/spider_par6.json,[10],[10],['F'],[775.9779706576358],775.9779707,"[22.9482421875, 463.651611328125]","[738.663818359375, 163.829956054688]",[0],[1],[0],[],"[('Group 4', 600.1715409755707)]",{0: []},{0: []}
2,9.1545E+18,['Group 4'],2021_maps/g2/spider_par6.json,[10],[10],['F'],[775.9779706576358],775.9779707,"[22.9482421875, 463.651611328125]","[738.663818359375, 163.829956054688]",[0],[1],[0],[],"[('Group 4', 600.156900882721)]",{0: []},{0: []}
3,1.54871E+19,['Group 4'],2021_maps/g2/spider_par6.json,[10],[10],['F'],[775.9779706576358],775.9779707,"[22.9482421875, 463.651611328125]","[738.663818359375, 163.829956054688]",[0],[1],[0],[],"[('Group 4', 600.1292026042938)]",{0: []},{0: []}
4,1.11715E+19,['Group 4'],2021_maps/g2/spider_par6.json,[10],[10],['F'],[775.9779706576358],775.9779707,"[22.9482421875, 463.651611328125]","[738.663818359375, 163.829956054688]",[0],[1],[0],[],"[('Group 4', 600.1582903862)]",{0: []},{0: []}
5,1.07137E+19,['Group 4'],2021_maps/g2/spider_par6.json,[10],[10],['F'],[775.9779706576358],775.9779707,"[22.9482421875, 463.651611328125]","[738.663818359375, 163.829956054688]",[0],[1],[0],[],"[('Group 4', 600.2902648448944)]",{0: []},{0: []}
1,1.74451E+19,['Group 4'],2021_maps/g2/spider_par6.json,[25],[6],['S'],[0.0],775.9779707,"[22.9482421875, 463.651611328125]","[738.663818359375, 163.829956054688]",[0],[0],[0],['Group 4'],"[('Group 4', 303.9270350933075)]","{0: [(145.199773858977, 406.554539258343), (308.323044303036, 229.551523421741), (544.487682840569, 223.003834428299), (740.494527233105, 163.969341019733), (757.88446340426, 157.960075260181), (737.842812496805, 163.675851465543)]}","{0: [(157.424927026124, 400.844832051365), (323.412856030727, 212.422192558779), (566.595165521553, 224.061998615251), (757.88446340426, 157.960075260181), (737.842812496805, 163.675851465543), (738.657922730667, 163.8565504841052)]}"
2,4.52305E+18,['Group 4'],2021_maps/g2/spider_par6.json,[25],[7],['S'],[0.0],775.9779707,"[22.9482421875, 463.651611328125]","[738.663818359375, 163.829956054688]",[1],[0],[0],['Group 4'],"[('Group 4', 209.64762496948242)]","{0: [(22.9482421875, 463.651611328125), (150.711524389565, 401.890818990944), (306.696523964342, 238.457769305669), (548.895804116592, 228.310541672673), (736.104705199606, 165.123092027886), (752.546811177739, 158.748562369286), (737.613994502802, 164.123003179159)]}","{0: [(22.9482421875, 463.651611328125), (163.487852609772, 395.714739757226), (321.017391099799, 222.732072260513), (571.683645418271, 228.868388613889), (752.546811177739, 158.748562369286), (737.613994502802, 164.123003179159), (738.661283817296, 163.82116202897302)]}"
3,1.26427E+19,['Group 4'],2021_maps/g2/spider_par6.json,[25],[8],['S'],[0.0],775.9779707,"[22.9482421875, 463.651611328125]","[738.663818359375, 163.829956054688]",[1],[0],[0],['Group 4'],"[('Group 4', 211.41767644882202)]","{0: [(149.670334360467, 396.892025615134), (312.559717101413, 233.269388103382), (327.581434453778, 217.574720209337), (545.490538461716, 220.162439142635), (744.70266323904, 162.765853454138), (737.388398431147, 164.328658260863), (734.882759806593, 165.061492317354), (738.376761551911, 163.975344960008)]}","{0: [(162.342543577764, 390.216067043835), (327.581434453778, 217.574720209337), (327.581434453778, 217.574720209337), (567.28144886251, 220.421211035964), (762.444784676693, 157.000317695955), (734.882759806593, 165.061492317354), (738.376761551911, 163.975344960008), (738.6630292787185, 163.82841862893076)]}"
4,1.16221E+19,['Group 4'],2021_maps/g2/spider_par6.json,[25],[8],['S'],[0.0],775.9779707,"[22.9482421875, 463.651611328125]","[738.663818359375, 163.829956054688]",[2],[0],[0],['Group 4'],"[('Group 4', 378.52263355255127)]","{0: [(22.9482421875, 463.651611328125), (137.953777775918, 410.60575783941), (282.443955950059, 258.640075384286), (524.260482958761, 213.901800881947), (547.112239413478, 210.894584402775), (732.430386124843, 157.58508706171), (750.962200795979, 152.254137327604), (737.816771173694, 163.895569187945)]}","{0: [(22.9482421875, 463.651611328125), (149.45433133476, 405.301172490539), (295.742918411589, 243.973965673661), (547.112239413478, 210.894584402775), (547.112239413478, 210.894584402775), (750.962200795979, 152.254137327604), (737.816771173694, 163.895569187945), (738.6598658307972, 163.79636513235823)]}"
5,1.15934E+19,['Group 4'],2021_maps/g2/spider_par6.json,[25],[7],['S'],[0.0],775.9779707,"[22.9482421875, 463.651611328125]","[738.663818359375, 163.829956054688]",[1],[0],[0],['Group 4'],"[('Group 4', 302.0287616252899)]","{0: [(145.178312428372, 404.986486321828), (157.401319452459, 399.119973821198), (311.248255617138, 238.313490329944), (544.3396789219, 222.579190880823), (727.494266819803, 159.849028877335), (743.63265831271, 153.572549187986), (738.571756275022, 163.86844356078)]}","{0: [(157.401319452459, 399.119973821198), (157.401319452459, 399.119973821198), (326.632949233606, 222.232841980819), (566.110351890729, 222.613825770823), (743.63265831271, 153.572549187986), (738.571756275022, 163.86844356078), (738.6631447280765, 163.82841798506158)]}"
1,1.27768E+19,['Group 4'],2021_maps/g2/spider_par6.json,[50],[5],['S'],[0.0],775.9779707,"[22.9482421875, 463.651611328125]","[738.663818359375, 163.829956054688]",[0],[0],[0],['Group 4'],"[('Group 4', 240.05933952331543)]","{0: [(220.607927313019, 324.55419040954), (467.018144889927, 203.663293022522), (736.250364414926, 154.964708631579), (739.143896394745, 163.466376403478), (736.967571646541, 164.696547869282)]}","{0: [(240.373895825571, 310.644448317681), (489.682569796363, 192.965177493006), (760.907143876782, 151.164661745437), (736.967571646541, 164.696547869282), (738.6567837383687, 163.8164541216304)]}"
2,2.74101E+18,['Group 4'],2021_maps/g2/spider_par6.json,[50],[8],['S'],[0.0],775.9779707,"[22.9482421875, 463.651611328125]","[738.663818359375, 163.829956054688]",[2],[0],[0],['Group 4'],"[('Group 4', 247.13245034217834)]","{0: [(223.038234452589, 315.10644460201), (463.764770368386, 205.207721580272), (485.836524037314, 195.70330094536), (485.836524037314, 195.70330094536), (568.788264331164, 216.892233216932), (735.567275645029, 166.090366621375), (751.415659373477, 160.798290639104), (738.559706283756, 163.720325324849)]}","{0: [(243.047233679097, 300.251927929399), (485.836524037314, 195.70330094536), (485.836524037314, 195.70330094536), (485.836524037314, 195.70330094536), (577.083438360549, 219.011126444089), (751.415659373477, 160.798290639104), (738.559706283756, 163.720325324849), (738.6643654931289, 163.82943121974523)]}"
3,1.70266E+19,['Group 4'],2021_maps/g2/spider_par6.json,[50],[5],['S'],[0.0],775.9779707,"[22.9482421875, 463.651611328125]","[738.663818359375, 163.829956054688]",[0],[0],[0],['Group 4'],"[('Group 4', 218.5045051574707)]","{0: [(226.118563930887, 313.229994315428), (476.25914860633, 211.458694173744), (734.333341659828, 161.984167072032), (757.842525440167, 157.904005746265), (739.646627648395, 163.450200794144)]}","{0: [(246.435596105226, 298.187832614158), (499.24150385644, 202.785780329702), (757.842525440167, 157.904005746265), (739.646627648395, 163.450200794144), (738.6653127383096, 163.83377914926643)]}"
4,2.9585E+18,['Group 4'],2021_maps/g2/spider_par6.json,[50],[7],['S'],[0.0],775.9779707,"[22.9482421875, 463.651611328125]","[738.663818359375, 163.829956054688]",[1],[0],[0],['Group 4'],"[('Group 4', 241.0115041732788)]","{0: [(219.48701103348, 323.104553849969), (449.641173156572, 203.479596716686), (470.691201680422, 192.92257157814), (565.305940741706, 217.206188460854), (733.374841245343, 166.414793009294), (749.235583905094, 161.092817295311), (738.472863909198, 163.81083823163)]}","{0: [(239.140887918078, 309.049848102153), (470.691201680422, 192.92257157814), (470.691201680422, 192.92257157814), (574.767414647834, 219.634550149126), (749.235583905094, 161.092817295311), (738.472863909198, 163.81083823163), (738.6637646751915, 163.8304778743518)]}"
5,9.87498E+18,['Group 4'],2021_maps/g2/spider_par6.json,[50],[6],['S'],[0.0],775.9779707,"[22.9482421875, 463.651611328125]","[738.663818359375, 163.829956054688]",[1],[0],[0],['Group 4'],"[('Group 4', 242.0034966468811)]","{0: [(226.113016757035, 322.4613299999), (469.91535300391, 205.91209142077), (492.263938882902, 195.669070376139), (738.772645054976, 160.017577635878), (739.181453128885, 163.473660090062), (736.757246874555, 164.175783262883)]}","{0: [(246.429494213989, 308.342301867078), (492.263938882902, 195.669070376139), (492.263938882902, 195.669070376139), (763.423515672183, 156.452428361852), (736.757246874555, 164.175783262883), (738.6578774167599, 163.79991485725148)]}"
1,9.4611E+18,['Group 4'],2021_maps/g2/spider_par6.json,[100],[5],['S'],[0.0],775.9779707,"[22.9482421875, 463.651611328125]","[738.663818359375, 163.829956054688]",[1],[0],[0],['Group 4'],"[('Group 4', 70.29609227180481)]","{0: [(258.711757170869, 285.392751105585), (282.288108669206, 267.566865083331), (546.274284540968, 224.204097906725), (732.38464487605, 165.633389284245), (748.355819150841, 160.209946093763)]}","{0: [(282.288108669206, 267.566865083331), (282.288108669206, 267.566865083331), (572.672902128144, 219.867821189065), (748.355819150841, 160.209946093763), (738.6480054293428, 163.78704163504995)]}"
2,8.9588E+18,['Group 4'],2021_maps/g2/spider_par6.json,[100],[6],['S'],[0.0],775.9779707,"[22.9482421875, 463.651611328125]","[738.663818359375, 163.829956054688]",[1],[0],[0],['Group 4'],"[('Group 4', 71.48301935195923)]","{0: [(257.580419008943, 284.155988206335), (548.068492888337, 222.537369103145), (574.770978508062, 218.170463424044), (734.601906162468, 165.016050294001), (750.584998927908, 159.700608980997), (738.881996666418, 163.696670591915)]}","{0: [(281.043636691087, 266.206425894156), (574.770978508062, 218.170463424044), (574.770978508062, 218.170463424044), (750.584998927908, 159.700608980997), (738.881996666418, 163.696670591915), (738.664520324034, 163.8310917443009)]}"
3,8.17761E+18,['Group 4'],2021_maps/g2/spider_par6.json,[100],[4],['S'],[0.0],775.9779707,"[22.9482421875, 463.651611328125]","[738.663818359375, 163.829956054688]",[0],[0],[0],['Group 4'],"[('Group 4', 68.02572679519653)]","{0: [(256.517704014418, 285.755729463142), (550.520605715989, 223.012022294086), (730.981439636383, 167.850341207861), (746.321063473233, 162.783714289064)]}","{0: [(279.87465019711, 267.966141276644), (577.585201267877, 218.51661039583), (746.321063473233, 162.783714289064), (738.6634304968655, 163.82710947384703)]}"
4,1.0864E+19,['Group 4'],2021_maps/g2/spider_par6.json,[100],[5],['S'],[0.0],775.9779707,"[22.9482421875, 463.651611328125]","[738.663818359375, 163.829956054688]",[0],[0],[0],['Group 4'],"[('Group 4', 66.03738570213318)]","{0: [(258.854851549674, 282.756276076218), (545.871568994687, 223.729035080541), (733.509182949613, 164.070355174538), (749.638683780018, 158.513864258643), (738.406181292426, 163.81678291486)]}","{0: [(282.445512485892, 264.666742551027), (572.214174645567, 219.635264333493), (749.638683780018, 158.513864258643), (738.406181292426, 163.81678291486), (738.6638512348824, 163.82927811178337)]}"
5,4.51932E+18,['Group 4'],2021_maps/g2/spider_par6.json,[100],[5],['S'],[0.0],775.9779707,"[22.9482421875, 463.651611328125]","[738.663818359375, 163.829956054688]",[0],[0],[0],['Group 4'],"[('Group 4', 54.85356688499451)]","{0: [(256.617330224773, 281.147706652137), (548.207236954782, 227.062464684769), (731.697177240735, 166.451663159048), (747.363941290068, 160.748931521473), (737.683308762141, 164.087192504988)]}","{0: [(279.9842390285, 262.897316184538), (575.02953674741, 223.478979534792), (747.363941290068, 160.748931521473), (737.683308762141, 164.087192504988), (738.6650783174154, 163.83485823643315)]}"
